modelo,vector_size,window,epochs,sg,min_count,mean_test_accuracy,std_test_accuracy,mean_test_precision,std_test_precision,mean_test_recall,std_test_recall,mean_test_f1,std_test_f1,mean_test_roc_auc,std_test_roc_auc,params
RandomForest,50,3,20,1,1,0.7093948208297982,0.014370024336283356,0.8112663256084309,0.04428628154052514,0.3097478991596639,0.03911261966227721,0.44657486495407894,0.041770176252831255,0.7748081133966334,0.03133662966219005,"{'model__max_depth': 3, 'model__n_estimators': 50}"
RandomForest,50,3,20,1,1,0.7121035834040319,0.01578249613543553,0.817022330066685,0.045116409626906995,0.3157422969187675,0.04300938704434143,0.45338782258492116,0.045390144568108505,0.7764279243380415,0.02607368891611856,"{'model__max_depth': 3, 'model__n_estimators': 100}"
RandomForest,50,3,20,1,1,0.7480749808104068,0.02453565711467105,0.8057315220523449,0.04876425353337228,0.44567226890756295,0.05838043232607037,0.5719518222905611,0.05538294984435346,0.8256383686977383,0.023351684680798603,"{'model__max_depth': 6, 'model__n_estimators': 50}"
RandomForest,50,3,20,1,1,0.7489779016684847,0.021849038307827365,0.8074504619418817,0.04661063943946803,0.4481092436974789,0.055626128193751526,0.5742852629974895,0.05070824830612296,0.8287912019245443,0.023636602443999156,"{'model__max_depth': 6, 'model__n_estimators': 100}"
LightGBM,50,3,20,1,1,0.7620227851169556,0.017257332579056733,0.7697754839930158,0.040526906798605704,0.5379551820728292,0.040193687159861394,0.6318729507377072,0.029977906766057247,0.8248407190549975,0.019989531116346985,"{'model__max_depth': 3, 'model__n_estimators': 50}"
LightGBM,50,3,20,1,1,0.778212741889872,0.01216854393496125,0.7628372001679791,0.03093511287618557,0.6088655462184874,0.04056425001685847,0.675748193700801,0.0229712915340855,0.8383881967575986,0.01805850047056922,"{'model__max_depth': 3, 'model__n_estimators': 100}"
LightGBM,50,3,20,1,1,0.7912495455096351,0.016655761915990115,0.7681450237821441,0.041028216500979486,0.6514425770308122,0.03908612300514413,0.7034954583656563,0.023425457258671584,0.8441723519514651,0.01962464534344125,"{'model__max_depth': 3, 'model__n_estimators': 200}"
LightGBM,50,3,20,1,1,0.7930473073970832,0.017335698509184927,0.780567896150888,0.035136944944185435,0.637142857142857,0.040928472483901905,0.70045278237189,0.027243461585645362,0.8455676428510681,0.019086227169126908,"{'model__max_depth': 6, 'model__n_estimators': 50}"
LightGBM,50,3,20,1,1,0.7948369894558236,0.02161849634989562,0.7767476734743994,0.04646236466005908,0.6513305322128851,0.04339993550862741,0.7070142543583187,0.030941031817158383,0.8505659678977906,0.024176821939347726,"{'model__max_depth': 6, 'model__n_estimators': 100}"
LightGBM,50,3,20,1,1,0.7930372076111987,0.022617135784551885,0.7702166149653934,0.048692216198795026,0.6548039215686275,0.036299757066168815,0.7065983248679873,0.030393334189295036,0.8502281503419098,0.02141188440631325,"{'model__max_depth': 6, 'model__n_estimators': 200}"
LightGBM,50,3,20,1,1,0.7993414939603279,0.020610977885615094,0.7864050264867015,0.0409314845899623,0.6513025210084032,0.03930986340661055,0.711586789759943,0.030727295118120015,0.8482217237365696,0.026066159672189608,"{'model__max_depth': 9, 'model__n_estimators': 50}"
LightGBM,50,3,20,1,1,0.8011453157193069,0.018868718839588423,0.788214232790876,0.04710752485187753,0.6584453781512605,0.04197383657085337,0.7156805593260243,0.026327967009244505,0.8517758419881227,0.028022211012217933,"{'model__max_depth': 9, 'model__n_estimators': 100}"
LightGBM,50,3,20,1,1,0.8002363349896982,0.021503899530733995,0.7863231781387701,0.054511643767708916,0.6596078431372551,0.03545748283951014,0.7155483140559618,0.025377257824356427,0.8522780412810421,0.025108504360315153,"{'model__max_depth': 9, 'model__n_estimators': 200}"
ExtraTrees,50,3,20,1,1,0.6837716640407223,0.024103179619932667,0.8594165702718335,0.057480697076568894,0.2011904761904762,0.06430213596910915,0.3215307137278921,0.08602469563070005,0.7666823816694772,0.029054518429053818,"{'model__max_depth': 3, 'model__n_estimators': 50}"
ExtraTrees,50,3,20,1,1,0.6842241344483497,0.022739991769295406,0.8690714840714839,0.0530061691029982,0.2011904761904762,0.06365312017089846,0.32177726420317054,0.08413231841356024,0.7758732170007534,0.028041528695862347,"{'model__max_depth': 3, 'model__n_estimators': 100}"
ExtraTrees,50,3,20,1,1,0.723807215287036,0.021470821801337844,0.843542936771391,0.032293885580263144,0.3371148459383754,0.06172022763809218,0.4785368153192076,0.06267957206574146,0.8180415977350425,0.029254021639431634,"{'model__max_depth': 6, 'model__n_estimators': 50}"
ExtraTrees,50,3,20,1,1,0.7247101361451136,0.023901046736236567,0.8495106860635083,0.03911732470860018,0.3371288515406162,0.06741312468933332,0.4787176023296326,0.07001257629101901,0.822357108558011,0.025219415185920826,"{'model__max_depth': 6, 'model__n_estimators': 100}"
RandomForest,50,5,20,1,1,0.7125439340685978,0.018810198277967864,0.8111653403296157,0.04955062638357503,0.3204481792717087,0.0492905278545479,0.4570273380144543,0.05293769464771983,0.7796285792958884,0.026115906598451942,"{'model__max_depth': 3, 'model__n_estimators': 50}"
RandomForest,50,5,20,1,1,0.7098452712802488,0.01635588950415776,0.8130476949950634,0.05419545075748806,0.3109943977591036,0.0411358748224989,0.44786833970930207,0.044459290329370564,0.7807504646310021,0.027633335624205856,"{'model__max_depth': 3, 'model__n_estimators': 100}"
RandomForest,50,5,20,1,1,0.7476265503171333,0.018329706259954615,0.8042877811200508,0.03782410173952933,0.44568627450980386,0.04389199327232249,0.5723923455111927,0.040216787415867664,0.8234770189150451,0.023246073870546367,"{'model__max_depth': 6, 'model__n_estimators': 50}"
RandomForest,50,5,20,1,1,0.7498666828263241,0.01796780113099254,0.8101267693077222,0.035679168951058965,0.44803921568627453,0.043144620856066414,0.5758518560924719,0.040359531671812644,0.8283198266612264,0.02235628636068466,"{'model__max_depth': 6, 'model__n_estimators': 100}"
LightGBM,50,5,20,1,1,0.7593261422857835,0.01985318854742494,0.7659610404459147,0.04794519090715713,0.5343557422969187,0.045307378586739624,0.6275373804378134,0.03374026236992064,0.8188327223939403,0.02071032778831673,"{'model__max_depth': 3, 'model__n_estimators': 50}"
LightGBM,50,5,20,1,1,0.781365895043025,0.017820801423079145,0.7749302831889417,0.037208381657977574,0.6016666666666666,0.033714219270228205,0.6766176121374914,0.027401266722568467,0.8350198790507424,0.017062027992552957,"{'model__max_depth': 3, 'model__n_estimators': 100}"
LightGBM,50,5,20,1,1,0.7867571607481922,0.014631850350310609,0.7659497432554023,0.034972263247174964,0.6360084033613445,0.02684574386862942,0.6941720975036503,0.01930300690304664,0.8411897068676195,0.019871101162782925,"{'model__max_depth': 3, 'model__n_estimators': 200}"
LightGBM,50,5,20,1,1,0.7876520017775623,0.015447959111237324,0.7740071922211315,0.03721817125568402,0.6277450980392156,0.030690390896348667,0.6922111596048517,0.02090190593668577,0.8419326371720803,0.02269633294315719,"{'model__max_depth': 6, 'model__n_estimators': 50}"
LightGBM,50,5,20,1,1,0.7984547327596655,0.016761441191959377,0.7829636153668746,0.042146092567548414,0.6548879551820729,0.03341564408415323,0.7120019502341295,0.022168751415414054,0.8477596344260755,0.020870822706787234,"{'model__max_depth': 6, 'model__n_estimators': 100}"
LightGBM,50,5,20,1,1,0.7984506928453118,0.015273212522566358,0.7812863644522418,0.04270368180065725,0.6584453781512606,0.03309764438715438,0.7131415282166278,0.01869229583104659,0.8467013780546602,0.024870318997339703,"{'model__max_depth': 6, 'model__n_estimators': 200}"
LightGBM,50,5,20,1,1,0.7939542681695148,0.016293979903582737,0.7706979708725111,0.031927278436524216,0.6549299719887955,0.0329585359849767,0.7073702609576376,0.023271718420116938,0.8538434477250119,0.021313892707606228,"{'model__max_depth': 9, 'model__n_estimators': 50}"
LightGBM,50,5,20,1,1,0.7998020441966631,0.013330796112867003,0.7811705951681379,0.03458625522756152,0.6620028011204482,0.038779287021143104,0.7153086691275634,0.020699029826044966,0.8527581928254216,0.021034829218970742,"{'model__max_depth': 9, 'model__n_estimators': 100}"
LightGBM,50,5,20,1,1,0.8015937462125804,0.01764031054389252,0.7833144670131481,0.04509245106158017,0.6667226890756303,0.035192162998472734,0.7188550642255672,0.023201485916887973,0.852303714514474,0.023539844018208522,"{'model__max_depth': 9, 'model__n_estimators': 200}"
ExtraTrees,50,5,20,1,1,0.6806286106734538,0.0273306100126498,0.8559071451091824,0.05779073250391811,0.19176470588235295,0.07381799578250305,0.3072633554820587,0.10001733091583474,0.7729126070718142,0.028579156155509565,"{'model__max_depth': 3, 'model__n_estimators': 50}"
ExtraTrees,50,5,20,1,1,0.6819739021532744,0.024324023392121055,0.8671153846153846,0.05758477236625979,0.19410364145658265,0.06709190609066405,0.3118052236404799,0.09055277462847827,0.7762348002249668,0.026616706694455296,"{'model__max_depth': 3, 'model__n_estimators': 100}"
ExtraTrees,50,5,20,1,1,0.7269543085686583,0.027158792908609293,0.8623366421457798,0.04337692032961876,0.33595238095238095,0.07194684959828211,0.4795671762407518,0.07596991906228033,0.8181024390608883,0.020667131720621124,"{'model__max_depth': 6, 'model__n_estimators': 50}"
ExtraTrees,50,5,20,1,1,0.7238031753726821,0.023595536792594005,0.8607535355032878,0.037710643223522675,0.32763305322128855,0.06506231784117024,0.4709938153665968,0.06901580449341234,0.8237943858914558,0.022441815835023565,"{'model__max_depth': 6, 'model__n_estimators': 100}"
RandomForest,128,3,20,1,1,0.7156910273502202,0.0153214437613759,0.8065238740111406,0.049589781667593945,0.335812324929972,0.04250593217817467,0.4719006351288084,0.04310790403151064,0.7728443143892487,0.03071745257672492,"{'model__max_depth': 3, 'model__n_estimators': 50}"
RandomForest,128,3,20,1,1,0.7143416959560457,0.018803639773518708,0.8116074620021989,0.05472307557017192,0.32756302521008407,0.04816354541070337,0.46414320874011217,0.05141210233030379,0.7796778322563555,0.03295748410040611,"{'model__max_depth': 3, 'model__n_estimators': 100}"
RandomForest,128,3,20,1,1,0.7525532258716116,0.025280453572747653,0.8073157618294179,0.05408366101827173,0.45987394957983196,0.051135842430970066,0.5847772333463028,0.049530738634478357,0.8282174426419251,0.020938297830812934,"{'model__max_depth': 6, 'model__n_estimators': 50}"
RandomForest,128,3,20,1,1,0.7566153597543731,0.02438393546270346,0.8214676465606644,0.05134895907841898,0.46107843137254906,0.05101641115305618,0.5893773030964756,0.048237628402765305,0.8297102253045511,0.021293088661181948,"{'model__max_depth': 6, 'model__n_estimators': 100}"
LightGBM,128,3,20,1,1,0.7642689774976771,0.020301320214055618,0.7623239131020674,0.037528501126367686,0.5543977591036414,0.04636197910546921,0.6407546725020242,0.03776858810216916,0.8264698963262445,0.02241417054507805,"{'model__max_depth': 3, 'model__n_estimators': 50}"
LightGBM,128,3,20,1,1,0.7804548943562397,0.022689929641577778,0.7704891893112593,0.04712670221275591,0.6064285714285714,0.039649335534350176,0.6774432374653241,0.03337943611415235,0.8396597196479352,0.023942733160878228,"{'model__max_depth': 3, 'model__n_estimators': 100}"
LightGBM,128,3,20,1,1,0.7898981941582839,0.021822161309945135,0.7679928981130548,0.04558396266584902,0.645420168067227,0.03677381773172681,0.7003521516651914,0.029999405525793478,0.8483255152796335,0.02514139228839095,"{'model__max_depth': 3, 'model__n_estimators': 200}"
LightGBM,128,3,20,1,1,0.7939623479982225,0.017526558492038075,0.7781728377339325,0.039469646801480886,0.6442436974789917,0.029704720149162277,0.7040922661216602,0.023983878575224143,0.851595704133764,0.020206428221878982,"{'model__max_depth': 6, 'model__n_estimators': 50}"
LightGBM,128,3,20,1,1,0.7984607926311963,0.015167767382996881,0.7757408131168434,0.03573536051375472,0.6643137254901961,0.02698351473689878,0.7149775360839119,0.02038916992350597,0.8573460446804344,0.02172013135347174,"{'model__max_depth': 6, 'model__n_estimators': 100}"
LightGBM,128,3,20,1,1,0.8024865672847736,0.025730711257933803,0.7772197731986326,0.04559211144688637,0.6760644257703081,0.036548152405184546,0.7226188072140738,0.03578117323197473,0.8590991421957549,0.025114025720464377,"{'model__max_depth': 6, 'model__n_estimators': 200}"
LightGBM,128,3,20,1,1,0.8002504746899366,0.01683179009810822,0.7813294523796667,0.03631724160754611,0.6632352941176471,0.045375179295422854,0.715955020093255,0.026900127702231942,0.8567689547521112,0.02447799781796715,"{'model__max_depth': 9, 'model__n_estimators': 50}"
LightGBM,128,3,20,1,1,0.8056356805235729,0.018734492027437887,0.7856840236756282,0.04617103429644583,0.6773669467787116,0.03194580548843814,0.7262845667995835,0.023638862267524572,0.8599865725937048,0.02691243141170467,"{'model__max_depth': 9, 'model__n_estimators': 100}"
LightGBM,128,3,20,1,1,0.8033975679715588,0.01672234697422152,0.7827390780592107,0.04025210494311935,0.6726050420168068,0.031533214549120454,0.7224779583815668,0.022315987053482114,0.8569927465855696,0.023183078497306147,"{'model__max_depth': 9, 'model__n_estimators': 200}"
ExtraTrees,128,3,20,1,1,0.6860239162929747,0.02511144120083656,0.863662793347004,0.05796397632197442,0.20711484593837537,0.06764777794793808,0.32915147027470415,0.08846282791363565,0.7585035818516553,0.033453126910575184,"{'model__max_depth': 3, 'model__n_estimators': 50}"
ExtraTrees,128,3,20,1,1,0.6837696440835453,0.023445085356112387,0.8767425775978408,0.04890507465166524,0.1964565826330532,0.06519736615179371,0.3159883940024239,0.08723495039310124,0.7665947825761004,0.031174464955457105,"{'model__max_depth': 3, 'model__n_estimators': 100}"
ExtraTrees,128,3,20,1,1,0.7260574475821113,0.01633070055530501,0.8450512791230057,0.0448245900261047,0.34654061624649857,0.05645213513193095,0.4877404124631474,0.05423904692574374,0.80853514038642,0.020140597905485752,"{'model__max_depth': 6, 'model__n_estimators': 50}"
ExtraTrees,128,3,20,1,1,0.7251545267240335,0.014414443994754732,0.8444481626712111,0.03768352802702033,0.3429831932773109,0.04901118174879872,0.48505435669544517,0.04668453588258637,0.8130475337813111,0.021952799462390753,"{'model__max_depth': 6, 'model__n_estimators': 100}"
RandomForest,128,5,20,1,1,0.7129863046903405,0.019690377303767246,0.7832738536564265,0.05539458583565008,0.34169467787114843,0.044905641144990426,0.47398112127735725,0.04820930570316549,0.7813135811819704,0.0299824046038739,"{'model__max_depth': 3, 'model__n_estimators': 50}"
RandomForest,128,5,20,1,1,0.7120934836181473,0.017770256720707797,0.7875419399003191,0.053665290155851746,0.3358263305322129,0.04094519550553574,0.4690808030162656,0.04355035545894065,0.7837536210400801,0.03077935595022976,"{'model__max_depth': 3, 'model__n_estimators': 100}"
RandomForest,128,5,20,1,1,0.753464226558397,0.021415497966361257,0.8042445554477953,0.04576432638298421,0.46693277310924375,0.04894113166097724,0.5892684773732877,0.04403719785600986,0.8300020249822134,0.023754900967262568,"{'model__max_depth': 6, 'model__n_estimators': 50}"
RandomForest,128,5,20,1,1,0.7557124388962955,0.025664554047101367,0.812499821361194,0.05767940177944763,0.4669607843137255,0.04959579139867379,0.5917301584410046,0.048347577747792504,0.8333845223797761,0.0265687781745593,"{'model__max_depth': 6, 'model__n_estimators': 100}"
LightGBM,128,5,20,1,1,0.771460025047469,0.01731105292281943,0.7731946227405159,0.03930403519002317,0.5686134453781513,0.04070354040469537,0.6538785002294315,0.029620172784627932,0.8247701932248622,0.015877999625692436,"{'model__max_depth': 3, 'model__n_estimators': 50}"
LightGBM,128,5,20,1,1,0.7822566961580414,0.021800188291662043,0.7705921372784412,0.04877405012350024,0.6135154061624648,0.033052227231883086,0.6820451537459171,0.02874927688346608,0.838696147400037,0.019115795960257313,"{'model__max_depth': 3, 'model__n_estimators': 100}"
LightGBM,128,5,20,1,1,0.793071546883206,0.01439127219615358,0.7728428061259467,0.042398828106299996,0.6513865546218488,0.033809155391716056,0.7053908425863422,0.01880695557453059,0.8418827374914845,0.02044343996352171,"{'model__max_depth': 3, 'model__n_estimators': 200}"
LightGBM,128,5,20,1,1,0.7948511291560619,0.018463607382712785,0.7785784716249339,0.04535543750054731,0.6489495798319329,0.03462910290415265,0.7064901317549845,0.02447952682750991,0.8498563366423475,0.013843566549275509,"{'model__max_depth': 6, 'model__n_estimators': 50}"
LightGBM,128,5,20,1,1,0.789451783622187,0.020719350144884203,0.7612739959431865,0.04256993608664776,0.6548599439775911,0.04781132092066645,0.7024894173064914,0.03245966517395237,0.8528823341988863,0.015558658470307116,"{'model__max_depth': 6, 'model__n_estimators': 100}"
LightGBM,128,5,20,1,1,0.794849109198885,0.015241539461292197,0.7691573775379765,0.035107939829192004,0.6619467787114847,0.04105185367448514,0.7101914518801252,0.024956875127184853,0.853588471091388,0.021243421011721768,"{'model__max_depth': 6, 'model__n_estimators': 200}"
LightGBM,128,5,20,1,1,0.7966529309578638,0.014167149197254177,0.7811784678330085,0.037966429878226474,0.651358543417367,0.03507999663674783,0.7089489918536316,0.01923631526737541,0.851379824806258,0.019386708352133544,"{'model__max_depth': 9, 'model__n_estimators': 50}"
LightGBM,128,5,20,1,1,0.797984082737446,0.02275275854702498,0.781444263722805,0.04621327230146953,0.6548179271708684,0.0445652981462995,0.7112290296635663,0.034606835738412764,0.8538685698017703,0.020581850765649994,"{'model__max_depth': 9, 'model__n_estimators': 100}"
LightGBM,128,5,20,1,1,0.7997959843251323,0.017019529272827818,0.782519857949806,0.03261726847119062,0.6584033613445379,0.04599457688034258,0.7138756665333459,0.02996103430697946,0.8550962846261957,0.020591976620385914,"{'model__max_depth': 9, 'model__n_estimators': 200}"
ExtraTrees,128,5,20,1,1,0.6837716640407223,0.02297091855642337,0.8903883948535901,0.06366895378627223,0.1940756302521008,0.06410463900755602,0.3135520748595807,0.08393595947324366,0.7684527646878069,0.030141473884687218,"{'model__max_depth': 3, 'model__n_estimators': 50}"
ExtraTrees,128,5,20,1,1,0.6846745848988001,0.024334675283134474,0.8859659318298156,0.039095041630559824,0.19647058823529412,0.06714104579731686,0.31632460813384194,0.0903292546244489,0.7763644827972446,0.025036210289509028,"{'model__max_depth': 3, 'model__n_estimators': 100}"
ExtraTrees,128,5,20,1,1,0.730099381893104,0.018152124747144015,0.8553818158319066,0.026508742188617002,0.35123249299719883,0.05782026935192342,0.49483185530289386,0.05672939545263236,0.8135893300512842,0.028598935011972512,"{'model__max_depth': 6, 'model__n_estimators': 50}"
ExtraTrees,128,5,20,1,1,0.7273926392760474,0.021171604799365452,0.851376078338553,0.046453231166693365,0.34533613445378153,0.06065735783363034,0.48793104485854083,0.06151497462054016,0.8187417167226565,0.024909665533555905,"{'model__max_depth': 6, 'model__n_estimators': 100}"
RandomForest,160,3,20,1,1,0.7071385286631923,0.01759489423945487,0.7820910725085298,0.054058590439017215,0.321624649859944,0.04239596432027074,0.4539539303233629,0.04479703618055837,0.7770487326952361,0.023247396834127052,"{'model__max_depth': 3, 'model__n_estimators': 50}"
RandomForest,160,3,20,1,1,0.7089342705934634,0.016285679097078724,0.7954456837934146,0.06939676645615496,0.3216106442577031,0.03652418589759122,0.45580989457382604,0.0380526016894416,0.7795260204473199,0.021123964480405814,"{'model__max_depth': 3, 'model__n_estimators': 100}"
RandomForest,160,3,20,1,1,0.753003676322062,0.02441197398910747,0.8107457205657946,0.05317625292267987,0.4586834733893557,0.0518993271744683,0.5844371195851735,0.04974255044977715,0.820725146241719,0.019751522124711485,"{'model__max_depth': 6, 'model__n_estimators': 50}"
RandomForest,160,3,20,1,1,0.7539025572657859,0.025291446616051486,0.8164100124153624,0.05076195422834929,0.4563305322128851,0.05545167260248741,0.5838145068578863,0.05269995174027096,0.827771731722415,0.018850815970620306,"{'model__max_depth': 6, 'model__n_estimators': 100}"
LightGBM,160,3,20,1,1,0.780008483820143,0.024850250836469835,0.7941743603911149,0.049164893163335104,0.5709243697478991,0.042144353560663275,0.6634979621623172,0.04085383964490662,0.8239002716817183,0.017515708633903386,"{'model__max_depth': 3, 'model__n_estimators': 50}"
LightGBM,160,3,20,1,1,0.7876560416919162,0.02256703182317693,0.7748209882986002,0.04296461413946201,0.6253361344537816,0.03945507416327236,0.6912432315742375,0.0341602770799525,0.8364436641577185,0.017559475868414692,"{'model__max_depth': 3, 'model__n_estimators': 100}"
LightGBM,160,3,20,1,1,0.7930574071829677,0.021716301076928114,0.7695702633814594,0.04397306206706568,0.6549439775910363,0.04137298758133462,0.7064084477261564,0.030971151603357176,0.8442404442470949,0.021853280416186793,"{'model__max_depth': 3, 'model__n_estimators': 200}"
LightGBM,160,3,20,1,1,0.791716155617501,0.018753248162473424,0.7742629400346352,0.042378589959310216,0.6430812324929971,0.03640778863889604,0.7013306277812655,0.025977185280993395,0.8442377699519457,0.019068769023188124,"{'model__max_depth': 6, 'model__n_estimators': 50}"
LightGBM,160,3,20,1,1,0.7997959843251322,0.017256320610173057,0.7773823234343877,0.033385611734725436,0.6654761904761906,0.03143721139797012,0.7165509831199348,0.025750242123937856,0.8500829464865391,0.0204927390531794,"{'model__max_depth': 6, 'model__n_estimators': 100}"
LightGBM,160,3,20,1,1,0.797545752030057,0.020454477853521363,0.7763608976143374,0.04575815075344084,0.6607563025210085,0.030464667145072444,0.7130570774278386,0.027339182813164588,0.8546562675107069,0.022654253067746273,"{'model__max_depth': 6, 'model__n_estimators': 200}"
LightGBM,160,3,20,1,1,0.7935159374621258,0.01241981901737404,0.7774712379297246,0.039058771122932476,0.6455042016806724,0.03516435228313079,0.7038686374761323,0.016981474906296652,0.848384444595568,0.019937528905671797,"{'model__max_depth': 9, 'model__n_estimators': 50}"
LightGBM,160,3,20,1,1,0.7993576536177434,0.017127957665003662,0.7791254041875075,0.03457717048559163,0.6619747899159665,0.03975806647923813,0.7147946247553787,0.0272054605401737,0.8524038879806657,0.021660100477734742,"{'model__max_depth': 9, 'model__n_estimators': 100}"
LightGBM,160,3,20,1,1,0.8007049650547409,0.014717788495395703,0.7800010046212578,0.032682653310817565,0.6654901960784314,0.03343417413882443,0.7173887985851711,0.022675632762326533,0.8533421951770235,0.022106251254635813,"{'model__max_depth': 9, 'model__n_estimators': 200}"
ExtraTrees,160,3,20,1,1,0.6860218963357977,0.023464199914742908,0.8669047269863966,0.04718243542427893,0.20829131652661065,0.0690665311228772,0.3295796328014327,0.0931957765540256,0.761904497068054,0.030465588341227402,"{'model__max_depth': 3, 'model__n_estimators': 50}"
ExtraTrees,160,3,20,1,1,0.6878196582232456,0.025433854741479214,0.8634985785930643,0.05142468713944983,0.2130252100840336,0.07217145406343356,0.3358201795559522,0.09433405212012558,0.7655646811247508,0.029083822045358705,"{'model__max_depth': 3, 'model__n_estimators': 100}"
ExtraTrees,160,3,20,1,1,0.725602957217307,0.021772078329167763,0.8416715331703468,0.02386450229012898,0.34420168067226886,0.06655314817898986,0.4847882197822025,0.06660466236898596,0.8051784436402298,0.027169197416020568,"{'model__max_depth': 6, 'model__n_estimators': 50}"
ExtraTrees,160,3,20,1,1,0.7287480305417524,0.02008804951247255,0.853871457204708,0.03904962324772127,0.34770308123249294,0.058148426931821526,0.4911133081217313,0.05901470716020293,0.8146857047590009,0.022906427039063423,"{'model__max_depth': 6, 'model__n_estimators': 100}"
RandomForest,160,5,20,1,1,0.7102997616450532,0.019031477497720918,0.788317363205344,0.04339035471060035,0.3263725490196078,0.04523900797788788,0.46014135882868157,0.0493261909261207,0.7700796936250434,0.029028271353637215,"{'model__max_depth': 3, 'model__n_estimators': 50}"
RandomForest,160,5,20,1,1,0.7111986425887771,0.01697380051809791,0.7940643456626127,0.048143930441686286,0.32753501400560225,0.04599057633981504,0.4615725983027092,0.04768706817372659,0.7783312276037041,0.02654766580470324,"{'model__max_depth': 3, 'model__n_estimators': 100}"
RandomForest,160,5,20,1,1,0.7507615238556943,0.021120108129877187,0.7978776664922722,0.04938190489410481,0.4633613445378152,0.03529357298054674,0.5855951067361033,0.03699801515908455,0.8241792680787536,0.018186329632204887,"{'model__max_depth': 6, 'model__n_estimators': 50}"
RandomForest,160,5,20,1,1,0.7539207368803782,0.014764522392819722,0.8038561468131717,0.03869989947545032,0.4693137254901961,0.035539609634774795,0.5915009073147997,0.02999112845953891,0.8280164326917692,0.0178121480627579,"{'model__max_depth': 6, 'model__n_estimators': 100}"
LightGBM,160,5,20,1,1,0.7723589059911931,0.01724778780196733,0.777110489064152,0.03712396072797132,0.5662745098039215,0.04451000664536847,0.6536039050552997,0.03309603053259426,0.8215916878758274,0.019124170614984972,"{'model__max_depth': 3, 'model__n_estimators': 50}"
LightGBM,160,5,20,1,1,0.7858401001898759,0.02316953892449497,0.770828527095,0.04568248392941656,0.6253221288515405,0.036583415900100474,0.6895888747486438,0.03267379247260419,0.8344463653439795,0.022721580024220218,"{'model__max_depth': 3, 'model__n_estimators': 100}"
LightGBM,160,5,20,1,1,0.7970872217508989,0.02170445293120584,0.7761306307285741,0.045210319499093425,0.660812324929972,0.04972276000699993,0.7120403099508434,0.032069769518756196,0.8458722332157237,0.022178376990165546,"{'model__max_depth': 3, 'model__n_estimators': 200}"
LightGBM,160,5,20,1,1,0.7917080757887932,0.017727770806719705,0.7770388656098175,0.04774523512205295,0.640686274509804,0.036520329601221146,0.7006345425867295,0.022595787950855248,0.8453793020963808,0.019964215688466944,"{'model__max_depth': 6, 'model__n_estimators': 50}"
LightGBM,160,5,20,1,1,0.7953177392639275,0.013296852000325323,0.7694858528520645,0.03347035380416218,0.6631932773109245,0.03686394768712598,0.7111965212401332,0.020067727016020658,0.8512526098453769,0.0195961726462327,"{'model__max_depth': 6, 'model__n_estimators': 100}"
LightGBM,160,5,20,1,1,0.8061103704601462,0.00880393208598459,0.7887087579910469,0.03301023196765597,0.6738515406162466,0.03341702942532198,0.7254508076297262,0.012654374695900441,0.8562444358363255,0.019113873208546957,"{'model__max_depth': 6, 'model__n_estimators': 200}"
LightGBM,160,5,20,1,1,0.7966630307437482,0.011304161878324118,0.7702775159647838,0.030196058011513514,0.666764705882353,0.03448792744432147,0.713676902587636,0.01705145921396275,0.8513476377010128,0.020139751511034257,"{'model__max_depth': 9, 'model__n_estimators': 50}"
LightGBM,160,5,20,1,1,0.795768189714378,0.009335515916459865,0.7712300095921113,0.024754665962546923,0.6608263305322128,0.032319701721479306,0.7109038716830238,0.016293873198661733,0.8558487734986091,0.02075896970780039,"{'model__max_depth': 9, 'model__n_estimators': 100}"
LightGBM,160,5,20,1,1,0.8024986870278349,0.016387887180494515,0.7820394900518665,0.032921474104652286,0.66906162464986,0.037458713053735354,0.7202187884367279,0.02519967682608407,0.8551758274980361,0.020475254700100125,"{'model__max_depth': 9, 'model__n_estimators': 200}"
ExtraTrees,160,5,20,1,1,0.6860218963357978,0.022671774392904683,0.8519413978137473,0.05286686503878651,0.21176470588235294,0.06290374226969568,0.3347290133962938,0.08200027342421744,0.7605105981353717,0.02866678441764001,"{'model__max_depth': 3, 'model__n_estimators': 50}"
ExtraTrees,160,5,20,1,1,0.6891710095745971,0.025265723283166088,0.8607121828757618,0.05521085924241926,0.21771708683473392,0.0685658057895895,0.3425723607123431,0.08907077084052835,0.7637341631352635,0.028887573432984127,"{'model__max_depth': 3, 'model__n_estimators': 100}"
ExtraTrees,160,5,20,1,1,0.7269583484830121,0.023062723933650442,0.8544327883077883,0.04732924704996493,0.34179271708683473,0.06340601421678756,0.48462104349523843,0.06738642224583193,0.8151502327896143,0.024832250472103582,"{'model__max_depth': 6, 'model__n_estimators': 50}"
ExtraTrees,160,5,20,1,1,0.7319032036520826,0.022319514426864168,0.8679608081884757,0.03597800442345491,0.34885154061624646,0.061449004841412753,0.49458076937936235,0.06441472872831912,0.8179548264878787,0.02362606690809837,"{'model__max_depth': 6, 'model__n_estimators': 100}"
RandomForest,256,3,20,1,1,0.7170464186159254,0.019070527819722714,0.7946996287374744,0.06741362678565013,0.352436974789916,0.05222806069361374,0.4845951665418262,0.048961274700205976,0.7727806457926448,0.024040775923789358,"{'model__max_depth': 3, 'model__n_estimators': 50}"
RandomForest,256,3,20,1,1,0.7165979881226517,0.02304756347619282,0.7870824603529873,0.06007757219498897,0.3524369747899159,0.05581499418983179,0.48407222634578967,0.057751996338774036,0.7727244144775227,0.025739124219857974,"{'model__max_depth': 3, 'model__n_estimators': 100}"
RandomForest,256,3,20,1,1,0.758419181513352,0.02246974805286863,0.8136993219538955,0.058516963496660294,0.47637254901960785,0.04490280172417181,0.5993384543383824,0.04256788370997083,0.8223102846872379,0.021420070056432896,"{'model__max_depth': 6, 'model__n_estimators': 50}"
RandomForest,256,3,20,1,1,0.7597604330788188,0.024051413977365346,0.8203528124536528,0.05888001142682786,0.47399159663865553,0.041940549380096295,0.5997389969570478,0.04304403691984627,0.8246802094899104,0.02055429338326834,"{'model__max_depth': 6, 'model__n_estimators': 100}"
LightGBM,256,3,20,1,1,0.7728133963559972,0.020317770064812144,0.7674466387751309,0.051730885225128496,0.5839635854341736,0.03630047036173117,0.6615801630461077,0.02860382149300328,0.8282122503608447,0.021967327882465203,"{'model__max_depth': 3, 'model__n_estimators': 50}"
LightGBM,256,3,20,1,1,0.7831596170161192,0.022895443314682518,0.7648270622747007,0.046341271672573,0.6253781512605042,0.044994042974691006,0.6865982149186903,0.03471906022154191,0.8368530046632003,0.021492858870398934,"{'model__max_depth': 3, 'model__n_estimators': 100}"
LightGBM,256,3,20,1,1,0.7867470609623076,0.022311443466774245,0.7585691158395222,0.0433171884624335,0.6477591036414566,0.03654909431576157,0.6979726551654573,0.031042739280116964,0.8440739571508281,0.02535350291882224,"{'model__max_depth': 3, 'model__n_estimators': 200}"
LightGBM,256,3,20,1,1,0.7934977578475336,0.021571261529524197,0.7776617528274596,0.046007073081521646,0.6442016806722689,0.04049882572968758,0.7034273230148897,0.030818223955952056,0.8463120895771828,0.02093819722952465,"{'model__max_depth': 6, 'model__n_estimators': 50}"
LightGBM,256,3,20,1,1,0.7980083222235688,0.022665146948712755,0.7748207705063547,0.04487575887441635,0.6642857142857144,0.03660165256415871,0.7144660831192032,0.03138922459253624,0.8499773999835838,0.023627942438619626,"{'model__max_depth': 6, 'model__n_estimators': 100}"
LightGBM,256,3,20,1,1,0.8016159657415262,0.018651470795888057,0.778182854893811,0.03688672029283051,0.6713725490196079,0.034545050028151385,0.7201585484872294,0.027357928682998103,0.8516714140961579,0.02210392919626778,"{'model__max_depth': 6, 'model__n_estimators': 200}"
LightGBM,256,3,20,1,1,0.7930634670544985,0.022009934283552312,0.7738007875683468,0.04891447119065536,0.6489775910364146,0.03226940906181265,0.704867400844248,0.02856542874989761,0.8491857952850028,0.025025288158959373,"{'model__max_depth': 9, 'model__n_estimators': 50}"
LightGBM,256,3,20,1,1,0.7966589908293944,0.01929923198272782,0.7779245544175437,0.0431805105493208,0.6548459383753502,0.025891824694427242,0.7103751618491723,0.024822175334251174,0.8535578522639353,0.024862950253187174,"{'model__max_depth': 9, 'model__n_estimators': 100}"
LightGBM,256,3,20,1,1,0.8006867854401486,0.02268412233436229,0.7818338867767525,0.04579758565494948,0.6630672268907564,0.03154701202871862,0.716946365607048,0.03110583721443836,0.8540494595701393,0.024066898199055883,"{'model__max_depth': 9, 'model__n_estimators': 200}"
ExtraTrees,256,3,20,1,1,0.6801721003514725,0.023115592808809815,0.8287999568814509,0.07649494644735691,0.20116246498599438,0.06066783460806096,0.31966485690087587,0.07958830864522093,0.7563370664567529,0.03217699556285851,"{'model__max_depth': 3, 'model__n_estimators': 50}"
ExtraTrees,256,3,20,1,1,0.6801721003514726,0.023715197445600543,0.8523248651932864,0.06156110183254834,0.19289915966386556,0.06402061895935722,0.3098083332544874,0.08630176646366085,0.765421143333034,0.029067525442104274,"{'model__max_depth': 3, 'model__n_estimators': 100}"
ExtraTrees,256,3,20,1,1,0.734153435947158,0.01961948750128587,0.8402087668469875,0.03068579370653304,0.37368347338935576,0.06173155515776491,0.5139010912398542,0.05860049237165193,0.8113790110352828,0.022215746127542357,"{'model__max_depth': 6, 'model__n_estimators': 50}"
ExtraTrees,256,3,20,1,1,0.7296448915282997,0.01869836248140089,0.8368381018381017,0.03921952898319144,0.3618207282913165,0.059559264444887294,0.501686154235355,0.058476801228373426,0.8139618808488167,0.021367570226723205,"{'model__max_depth': 6, 'model__n_estimators': 100}"
RandomForest,256,5,20,1,1,0.7152405768997697,0.02131671834018989,0.7772760610295943,0.047975705156718784,0.35474789915966387,0.05958100563940664,0.48394766439739295,0.06017638719432492,0.7759658672524335,0.025385226782139392,"{'model__max_depth': 3, 'model__n_estimators': 50}"
RandomForest,256,5,20,1,1,0.7161455177150244,0.020220367128629884,0.781412412310386,0.048644493587046006,0.3547619047619048,0.05304186178039614,0.48542300196347765,0.05355251348184715,0.778312474942373,0.025111256669261024,"{'model__max_depth': 3, 'model__n_estimators': 100}"
RandomForest,256,5,20,1,1,0.7575122207409202,0.021960927978682435,0.8057944963687298,0.04849268090336305,0.4787394957983194,0.041203796264675,0.5998260072689633,0.04124488371261829,0.8184955889686881,0.01978990763487144,"{'model__max_depth': 6, 'model__n_estimators': 50}"
RandomForest,256,5,20,1,1,0.7552539086171374,0.02462248623010287,0.8107581862502726,0.05154517252068277,0.46568627450980393,0.047811770167384235,0.5906488345880017,0.047202021836255804,0.8227812888087638,0.01978461405639356,"{'model__max_depth': 6, 'model__n_estimators': 100}"
LightGBM,256,5,20,1,1,0.7669514806286106,0.02373484761097884,0.7655017997166603,0.04038356172107516,0.5590756302521008,0.04709918903710536,0.6454030972826972,0.04180215381564104,0.8170103621158609,0.01954901000897808,"{'model__max_depth': 3, 'model__n_estimators': 50}"
LightGBM,256,5,20,1,1,0.7831535571445886,0.023736390871236326,0.7688163955417362,0.03805974216948845,0.6158543417366946,0.04882489540090651,0.6829984612953919,0.039647158132639096,0.8360127640922019,0.020940273381623496,"{'model__max_depth': 3, 'model__n_estimators': 100}"
LightGBM,256,5,20,1,1,0.7885387629782248,0.02803416647139725,0.7648868325395908,0.04718534679736724,0.6441876750700279,0.05488878429030938,0.6980136151292187,0.04293937155148598,0.8457646065408074,0.01934175081278807,"{'model__max_depth': 3, 'model__n_estimators': 200}"
LightGBM,256,5,20,1,1,0.792590797075102,0.02394587967120423,0.7832237136492212,0.049581278309311624,0.6323949579831932,0.04310996490260775,0.6986035287457641,0.0355933457806456,0.8461153910945528,0.020044484047503926,"{'model__max_depth': 6, 'model__n_estimators': 50}"
LightGBM,256,5,20,1,1,0.7970892417080757,0.02056269388967929,0.7817447899930083,0.040914620954844744,0.650112044817927,0.04082251304636602,0.7088673229650613,0.03123215998548239,0.8479310974892444,0.02089306754814558,"{'model__max_depth': 6, 'model__n_estimators': 100}"
LightGBM,256,5,20,1,1,0.799341493960328,0.017757139661384237,0.7820358714406883,0.04372154981196126,0.6595938375350139,0.037536385797918466,0.7142560891907899,0.025251091882995156,0.8513026428703292,0.02239051832732471,"{'model__max_depth': 6, 'model__n_estimators': 200}"
LightGBM,256,5,20,1,1,0.7944026986627883,0.01205619711546656,0.7759790716128723,0.025816759789076566,0.6477871148459384,0.03085366465407779,0.7054597336976814,0.019864139505735384,0.8524346957126234,0.023787943843847865,"{'model__max_depth': 9, 'model__n_estimators': 50}"
LightGBM,256,5,20,1,1,0.798444632973781,0.016242806621643506,0.7799412663306567,0.03829623689621385,0.6583893557422968,0.038447429190211116,0.7128498752748826,0.025236522788993087,0.854348116110932,0.024328566530086786,"{'model__max_depth': 9, 'model__n_estimators': 100}"
LightGBM,256,5,20,1,1,0.8042883690865754,0.017649036309553546,0.7884133613009585,0.04443983784136568,0.6678431372549021,0.032433430864491096,0.7219815505466699,0.023844183623200736,0.8548402241992745,0.02303079125102923,"{'model__max_depth': 9, 'model__n_estimators': 200}"
ExtraTrees,256,5,20,1,1,0.6828687431826446,0.024744428339707074,0.838926653145853,0.07245292388869984,0.20589635854341734,0.06304187299181246,0.32646843509185697,0.08256563454745051,0.7623947138889406,0.02559564242073019,"{'model__max_depth': 3, 'model__n_estimators': 50}"
ExtraTrees,256,5,20,1,1,0.6819718821960975,0.02385415153338167,0.8497374526058736,0.06784156846075487,0.19999999999999998,0.06379858522208433,0.3191548337077686,0.08281040483358851,0.7609471538536073,0.028782914400331327,"{'model__max_depth': 3, 'model__n_estimators': 100}"
ExtraTrees,256,5,20,1,1,0.7305558922150851,0.02070206493551055,0.8319986492104844,0.04147034488597403,0.366624649859944,0.054686525308723956,0.5065617688710761,0.0556898618303604,0.8071588825416975,0.022773202386499766,"{'model__max_depth': 6, 'model__n_estimators': 50}"
ExtraTrees,256,5,20,1,1,0.7287500504989295,0.017696047524153616,0.8373315603672055,0.03873051594434106,0.3583053221288515,0.054075956722030055,0.498951932384443,0.053718277668836814,0.8112569457593679,0.02236340209902462,"{'model__max_depth': 6, 'model__n_estimators': 100}"
